{"transactions": ["0x5a071cb77ab096bfdd53667b20f6100d6a5451b6ffe77c936b02dbd8819188ba"], "retrieval_times": [13.644734859466553], "extraction_times": [23.785470962524414]}